Keywords,Category
c#,programming language
java,programming language
php,programming language
javascript,programming language
android,operating system
jquery,application tool/library
c++,programming language
python,programming language
iphone,device product
asp.net,application tool/library
mysql,application tool/library
html,programming language
.net,application tool/library
ios,operating system
objective-c,programming language
sql,programming language
css,application tool/library
linux,operating system
ruby-on-rails,application tool/library
windows,operating system
c,programming language
sql-server,application tool/library
ruby,programming language
wpf,application tool/library
xml,programming language
ajax,application tool/library
database,general terminology
regex,general terminology
windows-7,operating system
asp.net-mvc,application tool/library
xcode,application tool/library
django,application tool/library
osx,operating system
arrays,general terminology
vb.net,programming language
eclipse,application tool/library
json,general terminology
facebook,general terminology
ruby-on-rails-3,application tool/library
ubuntu,operating system
performance,general terminology
networking,general terminology
string,general terminology
multithreading,general terminology
winforms,general terminology
security,general terminology
visual-studio-2010,application tool/library
asp.net-mvc-3,application tool/library
bash,general terminology
homework,general terminology
image,general terminology
wcf,application tool/library
html5,programming language
wordpress,application tool/library
visual-studio,application tool/library
web-services,general terminology
forms,general terminology
algorithm,general terminology
sql-server-2008,application tool/library
linq,application tool/library
oracle,application tool/library
git,application tool/library
query,general terminology
perl,programming language
apache2,application tool/library
flash,application tool/library
actionscript-3,programming language
ipad,device product
spring,application tool/library
apache,application tool/library
silverlight,application tool/library
email,general terminology
r,programming language
cocoa-touch,application tool/library
cocoa,application tool/library
swing,application tool/library
hibernate,application tool/library
excel,application tool/library
entity-framework,application tool/library
file,general terminology
shell,application tool/library
flex,application tool/library
api,application tool/library
list,general terminology
internet-explorer,application tool/library
firefox,application tool/library
jquery-ui,application tool/library
delphi,application tool/library
.htaccess,general terminology
sqlite,application tool/library
qt,application tool/library
tsql,programming language
google-chrome,application tool/library
node.js,application tool/library
unix,operating system
windows-xp,operating system
http,general terminology
svn,application tool/library
unit-testing,general terminology
oop,general terminology
